"TargetModule","Coverage"
"main","1.0"
"main","1.0"
"main","1.0"
"main","1.0"
"main","1.0"
"main","1.0"
"main","1.0"
"main","1.0"
"main","1.0"
"main","1.0"
"main","1.0"
"main","1.0"
"main","1.0"
"main","1.0"
"main","1.0"
"main","1.0"
"main","1.0"
"main","1.0"
"main","1.0"
"main","1.0"
"main","1.0"
"main","1.0"
"main","1.0"
"main","1.0"
"main","1.0"
"main","1.0"
"main","1.0"
"main","1.0"
"main","1.0"
"main","1.0"
"main","1.0"
"main","1.0"
"main","1.0"
"main","1.0"
"main","1.0"
"main","1.0"
"main","1.0"
"main","1.0"
"main","1.0"
"main","1.0"
"main","1.0"
"main","1.0"
"main","1.0"
"main","1.0"
"main","1.0"
"main","1.0"
"main","1.0"
"main","1.0"
"main","1.0"
"main","1.0"
"main","1.0"
"main","1.0"
"main","1.0"
"main","1.0"
"main","1.0"
"main","1.0"
"main","1.0"
"main","1.0"
"main","1.0"
"main","1.0"
"main","1.0"
"main","1.0"
"main","1.0"
"main","1.0"
"main","1.0"
"main","1.0"
"main","1.0"
"main","1.0"
"main","1.0"
"main","1.0"
"main","1.0"
"main","1.0"
"main","1.0"
"main","1.0"
"main","1.0"
"main","1.0"
"main","1.0"
"main","1.0"
"main","1.0"
"main","1.0"
"main","1.0"
"main","1.0"
"main","1.0"
"main","1.0"
"main","1.0"
"main","1.0"
"main","1.0"
"main","1.0"
"main","1.0"
"main","1.0"
"main","1.0"
"main","1.0"
"main","1.0"
"main","1.0"
"main","1.0"
"main","1.0"
"main","1.0"
"main","1.0"
"main","1.0"
"main","1.0"
"main","1.0"
"main","1.0"
"main","1.0"
"main","1.0"
"main","1.0"
"main","1.0"
"main","1.0"
"main","1.0"
"main","1.0"
"main","1.0"
"main","1.0"
"main","1.0"
"main","1.0"
"main","1.0"
"main","1.0"
"main","1.0"
"main","1.0"
"main","1.0"
"main","1.0"
"main","1.0"
"main","1.0"
"main","1.0"
"main","1.0"
"main","1.0"
"main","1.0"
"main","1.0"
"main","1.0"
"main","1.0"
"main","1.0"
"main","1.0"
"main","1.0"
"main","1.0"
"main","1.0"
"main","1.0"
"main","1.0"
"main","1.0"
"main","1.0"
"main","1.0"
"main","1.0"
"main","1.0"
"main","1.0"
"main","1.0"
"main","1.0"
"main","1.0"
"main","1.0"
"main","1.0"
"main","1.0"
"main","1.0"
"main","1.0"
"main","1.0"
"main","1.0"
"main","1.0"
"main","1.0"
"main","1.0"
"main","1.0"
"main","1.0"
"main","1.0"
"main","1.0"
"main","1.0"
"main","1.0"
"main","1.0"
"main","1.0"
"main","1.0"
"main","1.0"
"main","1.0"
"main","1.0"
"main","1.0"
"main","1.0"
"main","1.0"
"main","1.0"
"main","1.0"
"main","1.0"
"main","1.0"
"main","1.0"
"main","1.0"
"main","1.0"
"main","1.0"
"main","1.0"
"main","1.0"
"main","1.0"
"main","1.0"
"main","1.0"
"main","1.0"
"main","1.0"
"main","1.0"
"main","1.0"
"main","1.0"
"main","1.0"
"main","1.0"
"main","1.0"
"main","1.0"
"main","1.0"
"main","1.0"
"main","1.0"
"main","1.0"
"main","1.0"
"main","1.0"
"main","1.0"
"main","1.0"
"main","1.0"
"main","1.0"
"main","1.0"
"main","1.0"
"main","1.0"
"main","1.0"
"main","1.0"
"main","1.0"
"main","1.0"
"main","1.0"
"main","1.0"
"main","1.0"
"main","1.0"
"main","1.0"
"main","1.0"
"main","1.0"
"main","1.0"
"main","1.0"
"main","1.0"
"main","1.0"
"main","1.0"
"main","1.0"
"main","1.0"
"main","1.0"
"main","0.3"
"main","0.35"
"main","1.0"
"main","0.35"
"main","0.35"
"main","0.35"
"main","1.0"
"main","1.0"
"main","0.875"
"main","0.875"
"main","0.875"
"main","0.875"
"main","0.875"
"main","1.0"
"main","1.0"
"main","1.0"
